{"cameraMode":{"drawMode":0,"name":"Shaded","section":"Shading Mode"},"sceneLighting":false,"audioPlay":false,"sceneViewState":{"m_AlwaysRefresh":false,"showFog":true,"showSkybox":false,"showFlares":true,"showImageEffects":true,"showParticleSystems":true,"showVisualEffectGraphs":true,"m_FxEnabled":true},"in2DMode":false,"pivot":{"x":0.32361090183258059,"y":2.6300737857818605,"z":16.57928466796875},"rotation":{"x":-0.11192335188388825,"y":0.03183978050947189,"z":-0.0042993114329874519,"w":-0.9934356808662415},"size":3.469271183013916,"orthographic":false}